customer_id,feedback_text
1,Great product! Really happy with my purchase.
2,hey check out www.example.com!!! amazing deals there
3,TERRIBLE QUALITY. Worst purchase ever. Don't buy!!!
4,Good products!!! email me at support@company.com
5,WHAT?? Why didn't this work?? :-(
6,won't recommend this to anyone. Disappointed.
7,Dr. Smith & Mr. Johnson went to NYC on Jan. 15 2025 for the conference.
8,The service is ok but could be better...
9,absolutely LOVE this!!! best decision ever made :)
10,can't believe how fast shipping was. Very impressed!
11,Product arrived damaged :( Need replacement ASAP!!!
12,Visit us at http://website.com for more info & deals
13,didn't receive order yet. Where is it???
14,EXCELLENT work!!! Highly recommend to everyone.
15,The quality is average. Not worth the price tbh
16,my email: customer@domain.com Call me anytime!!!
17,Fantastic service & amazing support team. 5 stars!
18,This doesn't work as advertised!!! Complete waste.
19,Dr. Anderson & team did great job. Very professional.
20,Love it!!! Best purchase in 2025 so far #amazing
21,Poor quality & bad customer service. Never again!!!
22,Check out www.discount-site.com for better prices.
23,couldn't find what i wanted. Very disappointed :-(
24,Amazing product!!! Worth every penny. Highly satisfied.
25,The item is ok. Nothing special really.
26,CONTACT US: email@support.com or call 555-1234!!!
27,wouldn't buy again. Bad experience overall.
28,Excellent customer service!!! Very responsive & helpful.
29,Product quality is poor. Waste of money honestly.
30,Visit http://mysite.com - great deals & offers!!!
31,can't complain. Service was great. Will buy again!
32,OUTSTANDING!!! Everything exceeded my expectations!!!
33,Disappointed with the product. Expected much better.
34,Mr. Johnson's feedback: highly recommend this service.
35,don't waste your time or money on this product.
36,Absolutely fantastic!!! Love everything about it!!!
37,The website www.example.com has great resources.
38,Very bad experience. Customer service was rude :-(
39,wouldn't hesitate to recommend. Great product!!!
40,Contact: info@email.com or visit our facebook page.
41,Perfect!!! Exactly what i was looking for. So happy!
42,TERRIBLE!!! Waste of time. Completely useless product.
43,Dr. Sarah Chen & team provided excellent support.
44,The quality exceeds expectations. Very impressed!!!
45,can't find better prices anywhere else. Great value!
46,Disappointed :( Product doesn't match description.
47,LOVE THIS!!! Best purchase ever. Highly recommend!!!
48,Visit www.store.com for amazing discounts today!!!
49,wouldn't recommend. Poor quality & bad service.
50,Fantastic experience!!! Will definitely buy again!!!
51,The item arrived on time & in perfect condition.
52,Mr. & Mrs. Johnson are very satisfied customers.
53,don't bother. There are better options out there.
54,EXCELLENT!!! Exactly as described. Very satisfied!!!
55,Product quality is below average. Not satisfied.
56,Email us at support@company.com for assistance.
57,couldn't ask for better service. Highly impressed!
58,Absolutely amazing!!! Exceeded all expectations!!!
59,The quality is poor. Waste of money honestly.
60,Visit http://website.com for more information today.
61,wouldn't buy from here again. Disappointed.
62,PERFECT!!! Exactly what i needed. So grateful!!!
63,Very disappointed with product quality & service.
64,Check www.discount.com for better prices & deals.
65,can't believe the poor quality. Very unhappy.
66,Outstanding product!!! Love it so much!!!
67,The service was slow & customer support was rude.
68,Dr. Anderson recommends this product highly.
69,wouldn't hesitate to buy again. Great value!!!
70,AMAZING!!! Best purchase ever made. So happy!!!
71,Product arrived damaged. Need replacement immediately.
72,Contact: customer@support.com or call 555-0123!!!
73,couldn't be happier. Perfect product for my needs.
74,Absolutely terrible!!! Worst purchase ever made!!!
75,The quality is excellent. Very satisfied overall.
76,Visit www.mystore.com for exclusive offers today.
77,wouldn't recommend to friends. Very disappointed.
78,FANTASTIC!!! Exceeded expectations. Highly recommended!!!
79,Poor service & bad experience overall. Avoid.
80,Mr. Peterson & team provided outstanding support.
81,can't fault this product. Excellent value for money!
82,Absolutely wonderful!!! Love everything about it!!!
83,The item is defective. Want refund immediately!!!
84,Check out www.store.com for amazing deals today!!!
85,wouldn't buy again. Quality is below standard.
86,EXCELLENT quality!!! Highly satisfied with purchase!!!
87,Very disappointed. Product doesn't work as promised.
88,Email: support@service.com for quick assistance.
89,couldn't ask for better quality. Highly impressed!
90,Absolutely fantastic product!!! Worth every penny!!!
91,The quality is mediocre. Expected much better.
92,Visit http://website.com for information & support.
93,wouldn't recommend. Better options available elsewhere.
94,PERFECT purchase!!! Exactly what i wanted!!!
95,Bad quality & worse customer service. Never again!!!
96,Dr. Jackson & team are absolutely excellent.
97,can't recommend enough. Best product ever!!!
98,Absolutely amazing experience!!! Highly satisfied!!!
99,Product quality is poor & shipping was slow.
100,Contact www.support.com or email: help@domain.com!!!
